<keymap version="1" name="Default copy" parent="$default">
  <action id="$SearchWeb">
    <keyboard-shortcut first-keystroke="shift ctrl quote" />
  </action>
  <action id="ActivatePythonConsoleToolWindow">
    <keyboard-shortcut first-keystroke="ctrl 3" />
  </action>
  <action id="ActivateTerminalToolWindow">
    <keyboard-shortcut first-keystroke="alt f12" />
    <keyboard-shortcut first-keystroke="ctrl 2" />
  </action>
  <action id="CollapseSelection" />
  <action id="Debug">
    <keyboard-shortcut first-keystroke="shift f9" />
    <keyboard-shortcut first-keystroke="ctrl alt f5" />
  </action>
  <action id="DomCollectionControl.Add" />
  <action id="DomElementsTreeView.AddElement" />
  <action id="DuplicatesForm.SendToLeft" />
  <action id="DuplicatesForm.SendToRight" />
  <action id="Editor SearchWeb">
    <keyboard-shortcut first-keystroke="shift ctrl quote" />
  </action>
  <action id="EditorChooseLookupItemDot" />
  <action id="EditorCloneCaretAbove">
    <keyboard-shortcut first-keystroke="ctrl l" />
  </action>
  <action id="EditorCloneCaretBelow">
    <keyboard-shortcut first-keystroke="shift ctrl l" />
  </action>
  <action id="EditorSelectLine">
    <keyboard-shortcut first-keystroke="ctrl period" />
  </action>
  <action id="ExpressionTypeInfo" />
  <action id="FileChooser.GotoHome" />
  <action id="FileChooser.GotoModule" />
  <action id="FileChooser.GotoProject" />
  <action id="FindNext">
    <keyboard-shortcut first-keystroke="f3" />
  </action>
  <action id="FindPrevious">
    <keyboard-shortcut first-keystroke="shift f3" />
    <keyboard-shortcut first-keystroke="shift ctrl f3" />
  </action>
  <action id="GotoBookmark0" />
  <action id="GotoBookmark1" />
  <action id="GotoBookmark2" />
  <action id="GotoBookmark3" />
  <action id="GotoNextError">
    <keyboard-shortcut first-keystroke="f2" />
    <keyboard-shortcut first-keystroke="ctrl f2" />
  </action>
  <action id="GotoPreviousError">
    <keyboard-shortcut first-keystroke="shift ctrl f2" />
  </action>
  <action id="GotoTest" />
  <action id="Images.Editor.ToggleGrid" />
  <action id="Images.ShowThumbnails" />
  <action id="InsertLiveTemplate" />
  <action id="MaximizeToolWindow" />
  <action id="NewDirectoryProject">
    <keyboard-shortcut first-keystroke="ctrl alt insert" />
  </action>
  <action id="NewElementSamePlace" />
  <action id="NewIPynbFile">
    <keyboard-shortcut first-keystroke="ctrl j" />
  </action>
  <action id="NextSplitter">
    <keyboard-shortcut first-keystroke="ctrl 1" />
  </action>
  <action id="OverrideMethods" />
  <action id="ParameterInfo">
    <keyboard-shortcut first-keystroke="ctrl p" />
    <keyboard-shortcut first-keystroke="shift ctrl p" />
  </action>
  <action id="RevealIn">
    <keyboard-shortcut first-keystroke="ctrl o" />
  </action>
  <action id="RunDashboard.ShowConfigurations" />
  <action id="SplitVertically">
    <keyboard-shortcut first-keystroke="ctrl 0" />
  </action>
  <action id="Stop" />
  <action id="SurroundWith">
    <keyboard-shortcut first-keystroke="ctrl alt t" />
    <keyboard-shortcut first-keystroke="shift ctrl t" />
  </action>
  <action id="Terminal.OpenInTerminal">
    <keyboard-shortcut first-keystroke="shift ctrl back_slash" />
  </action>
  <action id="Unsplit">
    <keyboard-shortcut first-keystroke="shift alt 0" />
  </action>
  <action id="UsageView.Include" />
  <action id="Vcs.Log.FocusTextFilter" />
  <action id="XDebugger.AttachToProcess" />
  <action id="XDebugger.NewWatch" />
</keymap>