<application>
  <component name="FileTypeManager" version="17">
    <ignoreFiles list="*$py.class;*.hprof;*.pyc;*.pyo;*.rbc;*.yarb;*~;.DS_Store;.git;.hg;.svn;CVS;__pycache__;_svn;vssver.scc;vssver2.scc;" />
    <extensionMap>
      <mapping pattern="Bellman-Ford" type="PLAIN_TEXT" />
      <mapping pattern="note" type="PLAIN_TEXT" />
      <mapping pattern="lstm_keras note" type="PLAIN_TEXT" />
      <mapping pattern="example" type="PLAIN_TEXT" />
      <mapping pattern="gene_disease_1000_mapping" type="PLAIN_TEXT" />
      <mapping pattern="igraph_basic" type="PLAIN_TEXT" />
      <mapping pattern="anak_note" type="PLAIN_TEXT" />
      <mapping pattern="todo" type="PLAIN_TEXT" />
      <mapping pattern="test" type="PLAIN_TEXT" />
      <mapping pattern="info" type="PLAIN_TEXT" />
      <mapping pattern="gene_disease_all_mapping" type="PLAIN_TEXT" />
      <mapping pattern="while_coding" type="PLAIN_TEXT" />
      <mapping ext="desktop-br8ldnj" type="PLAIN_TEXT" />
      <mapping ext="hdf5" type="PLAIN_TEXT" />
      <mapping ext="h5" type="PLAIN_TEXT" />
      <removed_mapping ext="bat" approved="true" type="PLAIN_TEXT" />
      <removed_mapping ext="log" approved="true" type="PLAIN_TEXT" />
      <removed_mapping ext="cmd" approved="true" type="PLAIN_TEXT" />
      <mapping pattern="testing_envs" type="Python" />
      <removed_mapping ext="bat" approved="true" type="PLAIN_TEXT" />
      <removed_mapping ext="log" approved="true" type="PLAIN_TEXT" />
      <removed_mapping ext="dockerfile" approved="true" type="textmate" />
      <removed_mapping ext="makefile" approved="true" type="textmate" />
      <removed_mapping ext="cmd" approved="true" type="PLAIN_TEXT" />
      <removed_mapping ext="snakefile" approved="true" type="textmate" />
      <mapping ext="fnc" type="DBN-PSQL" />
      <mapping ext="pkb" type="DBN-PSQL" />
      <mapping ext="pkg" type="DBN-PSQL" />
      <mapping ext="pks" type="DBN-PSQL" />
      <mapping ext="prc" type="DBN-PSQL" />
      <mapping ext="tpb" type="DBN-PSQL" />
      <mapping ext="tpe" type="DBN-PSQL" />
      <mapping ext="tps" type="DBN-PSQL" />
      <mapping ext="trg" type="DBN-PSQL" />
      <mapping ext="vw" type="DBN-SQL" />
    </extensionMap>
  </component>
</application>