<application>
  <component name="ProjectManager">
    <defaultProject>
      <component name="PreferredVcsStorage">
        <preferredVcsName>ApexVCS</preferredVcsName>
      </component>
      <component name="ProjectRootManager" version="2" project-jdk-name="Python 3.7 (DisGeNER)" project-jdk-type="Python SDK" />
      <component name="PropertiesComponent">
        <property name="settings.editor.selected.configurable" value="com.jetbrains.python.configuration.PyActiveSdkModuleConfigurable" />
      </component>
    </defaultProject>
  </component>
</application>