<application>
  <component name="ProjectJdkTable">
    <jdk version="2">
      <name value="Python 3.7 (CliNER)" />
      <type value="Python SDK" />
      <version value="Python 3.7.0" />
      <homePath value="C:\Users\Anak\PycharmProjects\CliNER\venv\Scripts\python.exe" />
      <roots>
        <classPath>
          <root type="composite">
            <root url="file://$USER_HOME$/Anaconda3/DLLs" type="simple" />
            <root url="file://$USER_HOME$/Anaconda3/Lib" type="simple" />
            <root url="file://$USER_HOME$/Anaconda3" type="simple" />
            <root url="file://$USER_HOME$/PycharmProjects/CliNER/venv" type="simple" />
            <root url="file://$USER_HOME$/PycharmProjects/CliNER/venv/Lib/site-packages" type="simple" />
            <root url="jar://$USER_HOME$/PycharmProjects/CliNER/venv/Lib/site-packages/setuptools-39.1.0-py3.7.egg!/" type="simple" />
            <root url="file://$USER_HOME$/PycharmProjects/CliNER/venv/Lib/site-packages/pip-10.0.1-py3.7.egg" type="simple" />
            <root url="file://$USER_HOME$/.PyCharmCE2018.3/system/python_stubs/331876043" type="simple" />
            <root url="file://$APPLICATION_HOME_DIR$/helpers/python-skeletons" type="simple" />
            <root url="file://$APPLICATION_HOME_DIR$/helpers/typeshed/stdlib/3" type="simple" />
            <root url="file://$APPLICATION_HOME_DIR$/helpers/typeshed/stdlib/2and3" type="simple" />
            <root url="file://$APPLICATION_HOME_DIR$/helpers/typeshed/third_party/3" type="simple" />
            <root url="file://$APPLICATION_HOME_DIR$/helpers/typeshed/third_party/2and3" type="simple" />
          </root>
        </classPath>
        <sourcePath>
          <root type="composite" />
        </sourcePath>
      </roots>
      <additional ASSOCIATED_PROJECT_PATH="$USER_HOME$/PycharmProjects/CliNER" />
    </jdk>
    <jdk version="2">
      <name value="Python 3.6 (CliNER)" />
      <type value="Python SDK" />
      <version value="Python 3.6.8" />
      <homePath value="C:\Users\Anak\Anaconda3\envs\tensorflow\python.exe" />
      <roots>
        <classPath>
          <root type="composite">
            <root url="file://$USER_HOME$/Anaconda3/envs/tensorflow/DLLs" type="simple" />
            <root url="file://$USER_HOME$/Anaconda3/envs/tensorflow/Lib" type="simple" />
            <root url="file://$USER_HOME$/Anaconda3/envs/tensorflow" type="simple" />
            <root url="file://$USER_HOME$/Anaconda3/envs/tensorflow/Lib/site-packages" type="simple" />
            <root url="jar://$USER_HOME$/Anaconda3/envs/tensorflow/Lib/site-packages/keras_rcnn-0.0.2-py3.6.egg!/" type="simple" />
            <root url="file://$USER_HOME$/Anaconda3/envs/tensorflow/Lib/site-packages/scikit_image-0.15.0-py3.6-win-amd64.egg" type="simple" />
            <root url="jar://$USER_HOME$/Anaconda3/envs/tensorflow/Lib/site-packages/keras_resnet-0.1.0-py3.6.egg!/" type="simple" />
            <root url="file://$USER_HOME$/Anaconda3/envs/tensorflow/Lib/site-packages/jsonschema-3.0.1-py3.6.egg" type="simple" />
            <root url="file://$USER_HOME$/Anaconda3/envs/tensorflow/Lib/site-packages/Pillow-6.0.0-py3.6-win-amd64.egg" type="simple" />
            <root url="file://$USER_HOME$/Anaconda3/envs/tensorflow/Lib/site-packages/networkx-2.3rc3-py3.6.egg" type="simple" />
            <root url="file://$USER_HOME$/Anaconda3/envs/tensorflow/Lib/site-packages/imageio-2.5.0-py3.6.egg" type="simple" />
            <root url="file://$USER_HOME$/Anaconda3/envs/tensorflow/Lib/site-packages/PyWavelets-1.0.2-py3.6-win-amd64.egg" type="simple" />
            <root url="jar://$USER_HOME$/Anaconda3/envs/tensorflow/Lib/site-packages/pyrsistent-0.14.11-py3.6-win-amd64.egg!/" type="simple" />
            <root url="file://$USER_HOME$/Anaconda3/envs/tensorflow/Lib/site-packages/attrs-19.1.0-py3.6.egg" type="simple" />
            <root url="file://$USER_HOME$/Anaconda3/envs/tensorflow/Lib/site-packages/decorator-4.4.0-py3.6.egg" type="simple" />
            <root url="file://$USER_HOME$/.PyCharmCE2018.3/system/python_stubs/1733469631" type="simple" />
            <root url="file://$APPLICATION_HOME_DIR$/helpers/python-skeletons" type="simple" />
            <root url="file://$APPLICATION_HOME_DIR$/helpers/typeshed/stdlib/3" type="simple" />
            <root url="file://$APPLICATION_HOME_DIR$/helpers/typeshed/stdlib/2and3" type="simple" />
            <root url="file://$APPLICATION_HOME_DIR$/helpers/typeshed/third_party/3" type="simple" />
            <root url="file://$APPLICATION_HOME_DIR$/helpers/typeshed/third_party/2and3" type="simple" />
          </root>
        </classPath>
        <sourcePath>
          <root type="composite" />
        </sourcePath>
      </roots>
      <additional ASSOCIATED_PROJECT_PATH="$USER_HOME$/PycharmProjects/CliNER" />
    </jdk>
    <jdk version="2">
      <name value="Python 3.7" />
      <type value="Python SDK" />
      <version value="Python 3.7.2" />
      <homePath value="C:\Users\Anak\Anaconda3\python.exe" />
      <roots>
        <classPath>
          <root type="composite">
            <root url="file://$USER_HOME$/Anaconda3/DLLs" type="simple" />
            <root url="file://$USER_HOME$/Anaconda3/Lib" type="simple" />
            <root url="file://$USER_HOME$/Anaconda3" type="simple" />
            <root url="file://$USER_HOME$/Anaconda3/Lib/site-packages" type="simple" />
            <root url="file://$USER_HOME$/Anaconda3/Lib/site-packages/Mako-1.0.7-py3.7.egg" type="simple" />
            <root url="jar://$USER_HOME$/Anaconda3/Lib/site-packages/kegra-0.0.1-py3.7.egg!/" type="simple" />
            <root url="file://$USER_HOME$/Anaconda3/Lib/site-packages/win32" type="simple" />
            <root url="file://$USER_HOME$/Anaconda3/Lib/site-packages/win32/lib" type="simple" />
            <root url="file://$USER_HOME$/Anaconda3/Lib/site-packages/pythonwin" type="simple" />
            <root url="file://$USER_HOME$/.PyCharmCE2018.3/system/python_stubs/-392876064" type="simple" />
            <root url="file://$APPLICATION_HOME_DIR$/helpers/python-skeletons" type="simple" />
            <root url="file://$APPLICATION_HOME_DIR$/helpers/typeshed/stdlib/3" type="simple" />
            <root url="file://$APPLICATION_HOME_DIR$/helpers/typeshed/stdlib/2and3" type="simple" />
            <root url="file://$APPLICATION_HOME_DIR$/helpers/typeshed/third_party/3" type="simple" />
            <root url="file://$APPLICATION_HOME_DIR$/helpers/typeshed/third_party/2and3" type="simple" />
          </root>
        </classPath>
        <sourcePath>
          <root type="composite" />
        </sourcePath>
      </roots>
      <additional />
    </jdk>
    <jdk version="2">
      <name value="Python 3.7 (venv)" />
      <type value="Python SDK" />
      <version value="Python 3.7.1" />
      <homePath value="C:\Users\Anak\PycharmProjects\ShortestPathProject\venv\Scripts\python.exe" />
      <roots>
        <classPath>
          <root type="composite">
            <root url="file://$USER_HOME$/Anaconda3/DLLs" type="simple" />
            <root url="file://$USER_HOME$/Anaconda3/Lib" type="simple" />
            <root url="file://$USER_HOME$/Anaconda3" type="simple" />
            <root url="file://$USER_HOME$/PycharmProjects/ShortestPathProject/venv" type="simple" />
            <root url="file://$USER_HOME$/PycharmProjects/ShortestPathProject/venv/Lib/site-packages" type="simple" />
            <root url="file://$USER_HOME$/Anaconda3/Lib/site-packages" type="simple" />
            <root url="jar://$USER_HOME$/Anaconda3/Lib/site-packages/kegra-0.0.1-py3.7.egg!/" type="simple" />
            <root url="file://$USER_HOME$/Anaconda3/Lib/site-packages/win32" type="simple" />
            <root url="file://$USER_HOME$/Anaconda3/Lib/site-packages/win32/lib" type="simple" />
            <root url="file://$USER_HOME$/Anaconda3/Lib/site-packages/pythonwin" type="simple" />
            <root url="file://$USER_HOME$/.PyCharmCE2018.3/system/python_stubs/-18561670" type="simple" />
            <root url="file://$APPLICATION_HOME_DIR$/helpers/python-skeletons" type="simple" />
            <root url="file://$APPLICATION_HOME_DIR$/helpers/typeshed/stdlib/3" type="simple" />
            <root url="file://$APPLICATION_HOME_DIR$/helpers/typeshed/stdlib/2and3" type="simple" />
            <root url="file://$APPLICATION_HOME_DIR$/helpers/typeshed/third_party/3" type="simple" />
            <root url="file://$APPLICATION_HOME_DIR$/helpers/typeshed/third_party/2and3" type="simple" />
          </root>
        </classPath>
        <sourcePath>
          <root type="composite" />
        </sourcePath>
      </roots>
      <additional />
    </jdk>
    <jdk version="2">
      <name value="Python 3.7 (PyCNN)" />
      <type value="Python SDK" />
      <version value="Python 3.7.1" />
      <homePath value="C:\Users\Anak\PycharmProjects\PyCNN\temp\Scripts\python.exe" />
      <roots>
        <classPath>
          <root type="composite">
            <root url="file://$USER_HOME$/Anaconda3/DLLs" type="simple" />
            <root url="file://$USER_HOME$/Anaconda3/Lib" type="simple" />
            <root url="file://$USER_HOME$/Anaconda3" type="simple" />
            <root url="file://$USER_HOME$/PycharmProjects/PyCNN/temp" type="simple" />
            <root url="file://$USER_HOME$/PycharmProjects/PyCNN/temp/Lib/site-packages" type="simple" />
            <root url="jar://$USER_HOME$/PycharmProjects/PyCNN/temp/Lib/site-packages/setuptools-39.1.0-py3.7.egg!/" type="simple" />
            <root url="file://$USER_HOME$/PycharmProjects/PyCNN/temp/Lib/site-packages/pip-10.0.1-py3.7.egg" type="simple" />
            <root url="file://$USER_HOME$/.PyCharmCE2018.3/system/python_stubs/-1304930163" type="simple" />
            <root url="file://$APPLICATION_HOME_DIR$/helpers/python-skeletons" type="simple" />
            <root url="file://$APPLICATION_HOME_DIR$/helpers/typeshed/stdlib/3" type="simple" />
            <root url="file://$APPLICATION_HOME_DIR$/helpers/typeshed/stdlib/2and3" type="simple" />
            <root url="file://$APPLICATION_HOME_DIR$/helpers/typeshed/third_party/3" type="simple" />
            <root url="file://$APPLICATION_HOME_DIR$/helpers/typeshed/third_party/2and3" type="simple" />
          </root>
        </classPath>
        <sourcePath>
          <root type="composite" />
        </sourcePath>
      </roots>
      <additional ASSOCIATED_PROJECT_PATH="$USER_HOME$/PycharmProjects/PyCNN" />
    </jdk>
    <jdk version="2">
      <name value="Python 3.6 (NLP_HW3)" />
      <type value="Python SDK" />
      <version value="Python 3.6.8" />
      <homePath value="C:\Users\Anak\Anaconda3\envs\NLP_HW3\python.exe" />
      <roots>
        <classPath>
          <root type="composite">
            <root url="file://$USER_HOME$/Anaconda3/envs/NLP_HW3/DLLs" type="simple" />
            <root url="file://$USER_HOME$/Anaconda3/envs/NLP_HW3/Lib" type="simple" />
            <root url="file://$USER_HOME$/Anaconda3/envs/NLP_HW3" type="simple" />
            <root url="file://$USER_HOME$/Anaconda3/envs/NLP_HW3/Lib/site-packages" type="simple" />
            <root url="file://$USER_HOME$/.PyCharmCE2018.3/system/python_stubs/-1359685855" type="simple" />
            <root url="file://$APPLICATION_HOME_DIR$/helpers/python-skeletons" type="simple" />
            <root url="file://$APPLICATION_HOME_DIR$/helpers/typeshed/stdlib/3" type="simple" />
            <root url="file://$APPLICATION_HOME_DIR$/helpers/typeshed/stdlib/2and3" type="simple" />
            <root url="file://$APPLICATION_HOME_DIR$/helpers/typeshed/third_party/3" type="simple" />
            <root url="file://$APPLICATION_HOME_DIR$/helpers/typeshed/third_party/2and3" type="simple" />
          </root>
        </classPath>
        <sourcePath>
          <root type="composite" />
        </sourcePath>
      </roots>
      <additional ASSOCIATED_PROJECT_PATH="$USER_HOME$/PycharmProjects/NLP_HW3" />
    </jdk>
    <jdk version="2">
      <name value="Python 2.7 (temp)" />
      <type value="Python SDK" />
      <version value="Python 2.7.16" />
      <homePath value="C:\Users\Anak\PycharmProjects\Bidirectional-LSTM-CRF-for-Clinical-Concept-Extraction\temp\Scripts\python.exe" />
      <roots>
        <classPath>
          <root type="composite">
            <root url="file://$USER_HOME$/PycharmProjects/Bidirectional-LSTM-CRF-for-Clinical-Concept-Extraction/temp/Lib" type="simple" />
            <root url="file://$USER_HOME$/PycharmProjects/Bidirectional-LSTM-CRF-for-Clinical-Concept-Extraction/temp/Scripts" type="simple" />
            <root url="file://$USER_HOME$/Anaconda3/envs/py2.7_theno/Lib" type="simple" />
            <root url="file://$USER_HOME$/Anaconda3/envs/py2.7_theno/DLLs" type="simple" />
            <root url="file://$USER_HOME$/Anaconda3/envs/py2.7_theno/Lib/lib-tk" type="simple" />
            <root url="file://$USER_HOME$/PycharmProjects/Bidirectional-LSTM-CRF-for-Clinical-Concept-Extraction/temp" type="simple" />
            <root url="file://$USER_HOME$/PycharmProjects/Bidirectional-LSTM-CRF-for-Clinical-Concept-Extraction/temp/Lib/site-packages" type="simple" />
            <root url="file://$USER_HOME$/.PyCharmCE2018.3/system/python_stubs/-404096804" type="simple" />
            <root url="file://$APPLICATION_HOME_DIR$/helpers/python-skeletons" type="simple" />
            <root url="file://$APPLICATION_HOME_DIR$/helpers/typeshed/stdlib/2" type="simple" />
            <root url="file://$APPLICATION_HOME_DIR$/helpers/typeshed/stdlib/2and3" type="simple" />
            <root url="file://$APPLICATION_HOME_DIR$/helpers/typeshed/third_party/2" type="simple" />
            <root url="file://$APPLICATION_HOME_DIR$/helpers/typeshed/third_party/2and3" type="simple" />
          </root>
        </classPath>
        <sourcePath>
          <root type="composite" />
        </sourcePath>
      </roots>
      <additional />
    </jdk>
    <jdk version="2">
      <name value="Python 2.7 (Bidirectional-LSTM-CRF-for-Clinical-Concept-Extraction)" />
      <type value="Python SDK" />
      <version value="Python 2.7.16" />
      <homePath value="C:\Users\Anak\Anaconda3\envs\py2.7_theno\python.exe" />
      <roots>
        <classPath>
          <root type="composite">
            <root url="file://$USER_HOME$/Anaconda3/envs/py2.7_theno/DLLs" type="simple" />
            <root url="file://$USER_HOME$/Anaconda3/envs/py2.7_theno/Lib" type="simple" />
            <root url="file://$USER_HOME$/Anaconda3/envs/py2.7_theno/Lib/lib-tk" type="simple" />
            <root url="file://$USER_HOME$/Anaconda3/envs/py2.7_theno" type="simple" />
            <root url="file://$USER_HOME$/Anaconda3/envs/py2.7_theno/Lib/site-packages" type="simple" />
            <root url="file://$USER_HOME$/Anaconda3/envs/py2.7_theno/Lib/site-packages/Mako-1.0.7-py2.7.egg" type="simple" />
            <root url="file://$USER_HOME$/Anaconda3/envs/py2.7_theno/Lib/site-packages/win32" type="simple" />
            <root url="file://$USER_HOME$/Anaconda3/envs/py2.7_theno/Lib/site-packages/win32/lib" type="simple" />
            <root url="file://$USER_HOME$/Anaconda3/envs/py2.7_theno/Lib/site-packages/pythonwin" type="simple" />
            <root url="file://$USER_HOME$/.PyCharmCE2018.3/system/python_stubs/1195589939" type="simple" />
            <root url="file://$APPLICATION_HOME_DIR$/helpers/python-skeletons" type="simple" />
            <root url="file://$APPLICATION_HOME_DIR$/helpers/typeshed/stdlib/2" type="simple" />
            <root url="file://$APPLICATION_HOME_DIR$/helpers/typeshed/stdlib/2and3" type="simple" />
            <root url="file://$APPLICATION_HOME_DIR$/helpers/typeshed/third_party/2" type="simple" />
            <root url="file://$APPLICATION_HOME_DIR$/helpers/typeshed/third_party/2and3" type="simple" />
          </root>
        </classPath>
        <sourcePath>
          <root type="composite" />
        </sourcePath>
      </roots>
      <additional ASSOCIATED_PROJECT_PATH="$USER_HOME$/PycharmProjects/Bidirectional-LSTM-CRF-for-Clinical-Concept-Extraction" />
    </jdk>
    <jdk version="2">
      <name value="Python 3.6 (keras-gcn)" />
      <type value="Python SDK" />
      <version value="Python 3.6.8" />
      <homePath value="C:\Users\Anak\Anaconda3\envs\tensorflow\python.exe" />
      <roots>
        <classPath>
          <root type="composite">
            <root url="file://$USER_HOME$/Anaconda3/envs/tensorflow/DLLs" type="simple" />
            <root url="file://$USER_HOME$/Anaconda3/envs/tensorflow/Lib" type="simple" />
            <root url="file://$USER_HOME$/Anaconda3/envs/tensorflow" type="simple" />
            <root url="file://$USER_HOME$/Anaconda3/envs/tensorflow/Lib/site-packages" type="simple" />
            <root url="jar://$USER_HOME$/Anaconda3/envs/tensorflow/Lib/site-packages/keras_rcnn-0.0.2-py3.6.egg!/" type="simple" />
            <root url="file://$USER_HOME$/Anaconda3/envs/tensorflow/Lib/site-packages/scikit_image-0.15.0-py3.6-win-amd64.egg" type="simple" />
            <root url="jar://$USER_HOME$/Anaconda3/envs/tensorflow/Lib/site-packages/keras_resnet-0.1.0-py3.6.egg!/" type="simple" />
            <root url="file://$USER_HOME$/Anaconda3/envs/tensorflow/Lib/site-packages/jsonschema-3.0.1-py3.6.egg" type="simple" />
            <root url="file://$USER_HOME$/Anaconda3/envs/tensorflow/Lib/site-packages/Pillow-6.0.0-py3.6-win-amd64.egg" type="simple" />
            <root url="file://$USER_HOME$/Anaconda3/envs/tensorflow/Lib/site-packages/networkx-2.3rc3-py3.6.egg" type="simple" />
            <root url="file://$USER_HOME$/Anaconda3/envs/tensorflow/Lib/site-packages/imageio-2.5.0-py3.6.egg" type="simple" />
            <root url="file://$USER_HOME$/Anaconda3/envs/tensorflow/Lib/site-packages/PyWavelets-1.0.2-py3.6-win-amd64.egg" type="simple" />
            <root url="jar://$USER_HOME$/Anaconda3/envs/tensorflow/Lib/site-packages/pyrsistent-0.14.11-py3.6-win-amd64.egg!/" type="simple" />
            <root url="file://$USER_HOME$/Anaconda3/envs/tensorflow/Lib/site-packages/attrs-19.1.0-py3.6.egg" type="simple" />
            <root url="file://$USER_HOME$/Anaconda3/envs/tensorflow/Lib/site-packages/decorator-4.4.0-py3.6.egg" type="simple" />
            <root url="file://$USER_HOME$/.PyCharmCE2018.3/system/python_stubs/1733469631" type="simple" />
            <root url="file://$APPLICATION_HOME_DIR$/helpers/python-skeletons" type="simple" />
            <root url="file://$APPLICATION_HOME_DIR$/helpers/typeshed/stdlib/3" type="simple" />
            <root url="file://$APPLICATION_HOME_DIR$/helpers/typeshed/stdlib/2and3" type="simple" />
            <root url="file://$APPLICATION_HOME_DIR$/helpers/typeshed/third_party/3" type="simple" />
            <root url="file://$APPLICATION_HOME_DIR$/helpers/typeshed/third_party/2and3" type="simple" />
          </root>
        </classPath>
        <sourcePath>
          <root type="composite" />
        </sourcePath>
      </roots>
      <additional ASSOCIATED_PROJECT_PATH="$USER_HOME$/PycharmProjects/keras-gcn" />
    </jdk>
    <jdk version="2">
      <name value="Python 3.6 (pytorch_gcn)" />
      <type value="Python SDK" />
      <version value="Python 3.6.8" />
      <homePath value="C:\Users\Anak\Anaconda3\envs\pytorch_gcn\python.exe" />
      <roots>
        <classPath>
          <root type="composite">
            <root url="file://$USER_HOME$/Anaconda3/envs/pytorch_gcn/DLLs" type="simple" />
            <root url="file://$USER_HOME$/Anaconda3/envs/pytorch_gcn/Lib" type="simple" />
            <root url="file://$USER_HOME$/Anaconda3/envs/pytorch_gcn" type="simple" />
            <root url="file://$USER_HOME$/Anaconda3/envs/pytorch_gcn/Lib/site-packages" type="simple" />
            <root url="file://$USER_HOME$/.PyCharmCE2018.3/system/python_stubs/-2006880142" type="simple" />
            <root url="file://$APPLICATION_HOME_DIR$/helpers/python-skeletons" type="simple" />
            <root url="file://$APPLICATION_HOME_DIR$/helpers/typeshed/stdlib/3" type="simple" />
            <root url="file://$APPLICATION_HOME_DIR$/helpers/typeshed/stdlib/2and3" type="simple" />
            <root url="file://$APPLICATION_HOME_DIR$/helpers/typeshed/third_party/3" type="simple" />
            <root url="file://$APPLICATION_HOME_DIR$/helpers/typeshed/third_party/2and3" type="simple" />
          </root>
        </classPath>
        <sourcePath>
          <root type="composite" />
        </sourcePath>
      </roots>
      <additional ASSOCIATED_PROJECT_PATH="$USER_HOME$/PycharmProjects/pytorch_gcn" />
    </jdk>
    <jdk version="2">
      <name value="Python 3.6 (disease_node_classification)" />
      <type value="Python SDK" />
      <version value="Python 3.6.8" />
      <homePath value="C:\Users\Anak\Anaconda3\envs\disease_node_classification\python.exe" />
      <roots>
        <classPath>
          <root type="composite">
            <root url="file://$USER_HOME$/Anaconda3/envs/disease_node_classification/DLLs" type="simple" />
            <root url="file://$USER_HOME$/Anaconda3/envs/disease_node_classification/Lib" type="simple" />
            <root url="file://$USER_HOME$/Anaconda3/envs/disease_node_classification" type="simple" />
            <root url="file://$USER_HOME$/Anaconda3/envs/disease_node_classification/Lib/site-packages" type="simple" />
            <root url="file://$USER_HOME$/.PyCharmCE2018.3/system/python_stubs/-1546005992" type="simple" />
            <root url="file://$APPLICATION_HOME_DIR$/helpers/python-skeletons" type="simple" />
            <root url="file://$APPLICATION_HOME_DIR$/helpers/typeshed/stdlib/3" type="simple" />
            <root url="file://$APPLICATION_HOME_DIR$/helpers/typeshed/stdlib/2and3" type="simple" />
            <root url="file://$APPLICATION_HOME_DIR$/helpers/typeshed/third_party/3" type="simple" />
            <root url="file://$APPLICATION_HOME_DIR$/helpers/typeshed/third_party/2and3" type="simple" />
          </root>
        </classPath>
        <sourcePath>
          <root type="composite" />
        </sourcePath>
      </roots>
      <additional ASSOCIATED_PROJECT_PATH="$USER_HOME$/PycharmProjects/disease_node_classification" />
    </jdk>
    <jdk version="2">
      <name value="Python 3.6 (scatch_paper)" />
      <type value="Python SDK" />
      <version value="Python 3.6.8" />
      <homePath value="C:\Users\Anak\Anaconda3\envs\scatch_paper\python.exe" />
      <roots>
        <classPath>
          <root type="composite">
            <root url="file://$USER_HOME$/Anaconda3/envs/scatch_paper/DLLs" type="simple" />
            <root url="file://$USER_HOME$/Anaconda3/envs/scatch_paper/Lib" type="simple" />
            <root url="file://$USER_HOME$/Anaconda3/envs/scatch_paper" type="simple" />
            <root url="file://$USER_HOME$/Anaconda3/envs/scatch_paper/Lib/site-packages" type="simple" />
            <root url="file://$USER_HOME$/.PyCharmCE2018.3/system/python_stubs/1214021521" type="simple" />
            <root url="file://$APPLICATION_HOME_DIR$/helpers/python-skeletons" type="simple" />
            <root url="file://$APPLICATION_HOME_DIR$/helpers/typeshed/stdlib/3" type="simple" />
            <root url="file://$APPLICATION_HOME_DIR$/helpers/typeshed/stdlib/2and3" type="simple" />
            <root url="file://$APPLICATION_HOME_DIR$/helpers/typeshed/third_party/3" type="simple" />
            <root url="file://$APPLICATION_HOME_DIR$/helpers/typeshed/third_party/2and3" type="simple" />
          </root>
        </classPath>
        <sourcePath>
          <root type="composite" />
        </sourcePath>
      </roots>
      <additional ASSOCIATED_PROJECT_PATH="$USER_HOME$/PycharmProjects/scatch_paper" />
    </jdk>
    <jdk version="2">
      <name value="Python 3.6 (amazon_price_tracing)" />
      <type value="Python SDK" />
      <version value="Python 3.6.8" />
      <homePath value="C:\Users\Anak\Anaconda3\envs\amazon_price_tracing\python.exe" />
      <roots>
        <classPath>
          <root type="composite">
            <root url="file://$USER_HOME$/Anaconda3/envs/amazon_price_tracing/DLLs" type="simple" />
            <root url="file://$USER_HOME$/Anaconda3/envs/amazon_price_tracing/Lib" type="simple" />
            <root url="file://$USER_HOME$/Anaconda3/envs/amazon_price_tracing" type="simple" />
            <root url="file://$USER_HOME$/Anaconda3/envs/amazon_price_tracing/Lib/site-packages" type="simple" />
            <root url="file://$USER_HOME$/.PyCharmCE2018.3/system/python_stubs/-1554590987" type="simple" />
            <root url="file://$APPLICATION_HOME_DIR$/helpers/python-skeletons" type="simple" />
            <root url="file://$APPLICATION_HOME_DIR$/helpers/typeshed/stdlib/3" type="simple" />
            <root url="file://$APPLICATION_HOME_DIR$/helpers/typeshed/stdlib/2and3" type="simple" />
            <root url="file://$APPLICATION_HOME_DIR$/helpers/typeshed/third_party/3" type="simple" />
            <root url="file://$APPLICATION_HOME_DIR$/helpers/typeshed/third_party/2and3" type="simple" />
          </root>
        </classPath>
        <sourcePath>
          <root type="composite" />
        </sourcePath>
      </roots>
      <additional ASSOCIATED_PROJECT_PATH="$USER_HOME$/PycharmProjects/amazon_price_tracing" />
    </jdk>
    <jdk version="2">
      <name value="Python 3.6 (metatrader4)" />
      <type value="Python SDK" />
      <version value="Python 3.6.8" />
      <homePath value="C:\Users\Anak\Anaconda3\envs\metatrader4\python.exe" />
      <roots>
        <classPath>
          <root type="composite">
            <root url="file://$USER_HOME$/Anaconda3/envs/metatrader4/DLLs" type="simple" />
            <root url="file://$USER_HOME$/Anaconda3/envs/metatrader4/Lib" type="simple" />
            <root url="file://$USER_HOME$/Anaconda3/envs/metatrader4" type="simple" />
            <root url="file://$USER_HOME$/Anaconda3/envs/metatrader4/Lib/site-packages" type="simple" />
            <root url="file://$USER_HOME$/.PyCharmCE2018.3/system/python_stubs/178379063" type="simple" />
            <root url="file://$APPLICATION_HOME_DIR$/helpers/python-skeletons" type="simple" />
            <root url="file://$APPLICATION_HOME_DIR$/helpers/typeshed/stdlib/3" type="simple" />
            <root url="file://$APPLICATION_HOME_DIR$/helpers/typeshed/stdlib/2and3" type="simple" />
            <root url="file://$APPLICATION_HOME_DIR$/helpers/typeshed/third_party/3" type="simple" />
            <root url="file://$APPLICATION_HOME_DIR$/helpers/typeshed/third_party/2and3" type="simple" />
          </root>
        </classPath>
        <sourcePath>
          <root type="composite" />
        </sourcePath>
      </roots>
      <additional ASSOCIATED_PROJECT_PATH="$USER_HOME$/PycharmProjects/metatrader4" />
    </jdk>
    <jdk version="2">
      <name value="Python 3.7 (Gene_Disease_Graph)" />
      <type value="Python SDK" />
      <version value="Python 3.7.3" />
      <homePath value="C:\Users\Anak\Anaconda3\envs\pytorch_python3.7\python.exe" />
      <roots>
        <classPath>
          <root type="composite">
            <root url="file://$USER_HOME$/Anaconda3/envs/pytorch_python3.7/DLLs" type="simple" />
            <root url="file://$USER_HOME$/Anaconda3/envs/pytorch_python3.7/lib" type="simple" />
            <root url="file://$USER_HOME$/Anaconda3/envs/pytorch_python3.7" type="simple" />
            <root url="file://$USER_HOME$/Anaconda3/envs/pytorch_python3.7/lib/site-packages" type="simple" />
            <root url="jar://$USER_HOME$/Anaconda3/envs/pytorch_python3.7/Lib/site-packages/setuptools-39.1.0-py3.7.egg!/" type="simple" />
            <root url="file://$USER_HOME$/Anaconda3/envs/pytorch_python3.7/Lib/site-packages/pip-10.0.1-py3.7.egg" type="simple" />
            <root url="file://$USER_HOME$/.PyCharmCE2018.3/system/python_stubs/-2054715356" type="simple" />
            <root url="file://$APPLICATION_HOME_DIR$/helpers/python-skeletons" type="simple" />
            <root url="file://$APPLICATION_HOME_DIR$/helpers/typeshed/stdlib/3" type="simple" />
            <root url="file://$APPLICATION_HOME_DIR$/helpers/typeshed/stdlib/2and3" type="simple" />
            <root url="file://$APPLICATION_HOME_DIR$/helpers/typeshed/third_party/3" type="simple" />
            <root url="file://$APPLICATION_HOME_DIR$/helpers/typeshed/third_party/2and3" type="simple" />
          </root>
        </classPath>
        <sourcePath>
          <root type="composite" />
        </sourcePath>
      </roots>
      <additional />
    </jdk>
    <jdk version="2">
      <name value="Python 3.7 (untitled)" />
      <type value="Python SDK" />
      <version value="Python 3.7.3" />
      <homePath value="C:\Users\Corland\Anaconda3\python.exe" />
      <roots>
        <classPath>
          <root type="composite">
            <root url="file://$USER_HOME$/Anaconda3/DLLs" type="simple" />
            <root url="file://$USER_HOME$/Anaconda3/Lib" type="simple" />
            <root url="file://$USER_HOME$/Anaconda3/Lib/site-packages" type="simple" />
            <root url="file://$USER_HOME$/Anaconda3/Lib/site-packages/win32" type="simple" />
            <root url="file://$USER_HOME$/Anaconda3/Lib/site-packages/win32/lib" type="simple" />
            <root url="file://$USER_HOME$/Anaconda3/Lib/site-packages/pythonwin" type="simple" />
            <root url="file://$USER_HOME$/.PyCharmCE2019.2/system/python_stubs/-675831900" type="simple" />
            <root url="file://$APPLICATION_HOME_DIR$/helpers/python-skeletons" type="simple" />
            <root url="file://$APPLICATION_HOME_DIR$/helpers/typeshed/stdlib/3" type="simple" />
            <root url="file://$APPLICATION_HOME_DIR$/helpers/typeshed/stdlib/2and3" type="simple" />
            <root url="file://$APPLICATION_HOME_DIR$/helpers/typeshed/third_party/3" type="simple" />
            <root url="file://$APPLICATION_HOME_DIR$/helpers/typeshed/third_party/2and3" type="simple" />
          </root>
        </classPath>
        <sourcePath>
          <root type="composite" />
        </sourcePath>
      </roots>
      <additional ASSOCIATED_PROJECT_PATH="$USER_HOME$/PycharmProjects/untitled" />
    </jdk>
    <jdk version="2">
      <name value="Python 3.7 (Django_tutorial)" />
      <type value="Python SDK" />
      <version value="Python 3.7.4" />
      <homePath value="C:\Users\Corland\Anaconda3\envs\Django_tutorial\python.exe" />
      <roots>
        <classPath>
          <root type="composite">
            <root url="file://$USER_HOME$/Anaconda3/envs/Django_tutorial/DLLs" type="simple" />
            <root url="file://$USER_HOME$/Anaconda3/envs/Django_tutorial/Lib" type="simple" />
            <root url="file://$USER_HOME$/Anaconda3/envs/Django_tutorial/Lib/site-packages" type="simple" />
            <root url="file://$USER_HOME$/.PyCharmCE2019.2/system/python_stubs/775633394" type="simple" />
            <root url="file://$APPLICATION_HOME_DIR$/helpers/python-skeletons" type="simple" />
            <root url="file://$APPLICATION_HOME_DIR$/helpers/typeshed/stdlib/3" type="simple" />
            <root url="file://$APPLICATION_HOME_DIR$/helpers/typeshed/stdlib/2and3" type="simple" />
            <root url="file://$APPLICATION_HOME_DIR$/helpers/typeshed/third_party/3" type="simple" />
            <root url="file://$APPLICATION_HOME_DIR$/helpers/typeshed/third_party/2and3" type="simple" />
          </root>
        </classPath>
        <sourcePath>
          <root type="composite" />
        </sourcePath>
      </roots>
      <additional ASSOCIATED_PROJECT_PATH="$USER_HOME$/PycharmProjects/Django_tutorial" />
    </jdk>
    <jdk version="2">
      <name value="Python 3.7 (pytorch_python3.7)" />
      <type value="Python SDK" />
      <version value="Python 3.7.3" />
      <homePath value="C:\Users\awannaphasch2016\AppData\Local\Continuum\anaconda3\envs\pytorch_python3.7\python.exe" />
      <roots>
        <classPath>
          <root type="composite">
            <root url="file://$USER_HOME$/AppData/Local/Continuum/anaconda3/envs/pytorch_python3.7/DLLs" type="simple" />
            <root url="file://$USER_HOME$/AppData/Local/Continuum/anaconda3/envs/pytorch_python3.7/Lib" type="simple" />
            <root url="file://$USER_HOME$/AppData/Local/Continuum/anaconda3/envs/pytorch_python3.7/Lib/site-packages" type="simple" />
            <root url="file://$USER_HOME$/.PyCharmCE2019.2/system/python_stubs/1997200948" type="simple" />
            <root url="file://$APPLICATION_HOME_DIR$/helpers/python-skeletons" type="simple" />
            <root url="file://$APPLICATION_HOME_DIR$/helpers/typeshed/stdlib/3" type="simple" />
            <root url="file://$APPLICATION_HOME_DIR$/helpers/typeshed/stdlib/2and3" type="simple" />
            <root url="file://$APPLICATION_HOME_DIR$/helpers/typeshed/third_party/3" type="simple" />
            <root url="file://$APPLICATION_HOME_DIR$/helpers/typeshed/third_party/2and3" type="simple" />
          </root>
        </classPath>
        <sourcePath>
          <root type="composite" />
        </sourcePath>
      </roots>
      <additional ASSOCIATED_PROJECT_PATH="$USER_HOME$/PycharmProjects/my_utility" />
    </jdk>
    <jdk version="2">
      <name value="Python 3.7 (venv) (2)" />
      <type value="Python SDK" />
      <version value="Python 3.7.3" />
      <homePath value="C:\Users\Anak\PycharmProjects\my_utility\venv\Scripts\python.exe" />
      <roots>
        <classPath>
          <root type="composite">
            <root url="file://$USER_HOME$/Anaconda3/DLLs" type="simple" />
            <root url="file://$USER_HOME$/Anaconda3/Lib" type="simple" />
            <root url="file://$USER_HOME$/Anaconda3" type="simple" />
            <root url="file://$USER_HOME$/PycharmProjects/my_utility/venv" type="simple" />
            <root url="file://$USER_HOME$/PycharmProjects/my_utility/venv/Lib/site-packages" type="simple" />
            <root url="file://$USER_HOME$/Anaconda3/Lib/site-packages" type="simple" />
            <root url="jar://$USER_HOME$/Anaconda3/Lib/site-packages/setuptools-39.1.0-py3.7.egg!/" type="simple" />
            <root url="file://$USER_HOME$/Anaconda3/Lib/site-packages/pip-10.0.1-py3.7.egg" type="simple" />
            <root url="file://$USER_HOME$/Anaconda3/Lib/site-packages/win32" type="simple" />
            <root url="file://$USER_HOME$/Anaconda3/Lib/site-packages/win32/lib" type="simple" />
            <root url="file://$USER_HOME$/Anaconda3/Lib/site-packages/pythonwin" type="simple" />
            <root url="file://$USER_HOME$/.PyCharmCE2019.2/system/python_stubs/-1279434199" type="simple" />
            <root url="file://$APPLICATION_HOME_DIR$/helpers/python-skeletons" type="simple" />
            <root url="file://$APPLICATION_HOME_DIR$/helpers/typeshed/stdlib/3" type="simple" />
            <root url="file://$APPLICATION_HOME_DIR$/helpers/typeshed/stdlib/2and3" type="simple" />
            <root url="file://$APPLICATION_HOME_DIR$/helpers/typeshed/third_party/3" type="simple" />
            <root url="file://$APPLICATION_HOME_DIR$/helpers/typeshed/third_party/2and3" type="simple" />
          </root>
        </classPath>
        <sourcePath>
          <root type="composite" />
        </sourcePath>
      </roots>
      <additional />
    </jdk>
  </component>
</application>