<application>
  <component name="StickySelectionProperties">
    <option name="paintGroupProperties">
      <list>
        <PaintGroupDataBean>
          <option name="colorString" value="102,0,102" />
          <option name="frameNeeded" value="true" />
          <option name="markerNeeded" value="true" />
          <option name="shortcut" value="4" />
        </PaintGroupDataBean>
        <PaintGroupDataBean>
          <option name="colorString" value="102,102,0" />
          <option name="frameNeeded" value="true" />
          <option name="markerNeeded" value="true" />
          <option name="shortcut" value="D" />
        </PaintGroupDataBean>
        <PaintGroupDataBean>
          <option name="colorString" value="0,102,0" />
          <option name="frameNeeded" value="true" />
          <option name="markerNeeded" value="true" />
          <option name="shortcut" value="K" />
        </PaintGroupDataBean>
      </list>
    </option>
  </component>
</application>